Model,Accuracy,AUC,Precision,Recall,F1,MCC
Logistic Regression,0.2923076923076923,0.8425966334429894,0.29099403864109746,0.26090059613589023,0.24829854545772126,0.21424782805792938
Decision Tree,0.4076923076923077,0.6528643942784215,0.3751083261587463,0.3553195893742112,0.350740243321913,0.3420372824816591
KNN,0.2153846153846154,0.6484628356026829,0.24179794724907505,0.183002175229066,0.18530844155844156,0.11675127761919193
Naive Bayes,0.1076923076923077,0.7576943318489225,0.23943410697612375,0.18678404695211417,0.09786001580119229,0.07404559773859319
Random Forest,0.4153846153846154,0.8970959388768657,0.39400604686318974,0.34119324652938104,0.3372282746595051,0.34558274506805736
XGBoost,0.4461538461538462,0.8683113668779242,0.3946920195510421,0.3876401842788397,0.3785304956679889,0.3833491628126796
